cliente_id,nombre,apellido,email,telefono,fecha_registro,ciudad,pais
201,Casandra,Lillo,c_lillo@hotmail.com,+54-999529223,2022-08-29,Buenos Aires,Argentina
202,Abel,Heras,a_heras@gmail.com,+57-998847493,2020-11-20,Medellín,Colombia
203,Etelvina,Amores,e_amores@gmail.com,+58-904265799,2020-12-17,Barquisimeto,Venezuela
204,Manuelita,Escribano,m_escribano@gmail.com,+57-967827638,2022-02-21,Medellín,Colombia
205,Genoveva,Tejada,g_tejada@yahoo.es,+593-929587039,2023-01-12,Ambato,Ecuador
206,Rosendo,Tomás,r_tomás@yahoo.es,+598-993702683,2023-09-23,Salto,Uruguay
207,Inocencio,Requena,i_requena@hotmail.com,+51-928898923,2021-01-21,Arequipa,Perú
208,Alfonso,Álvaro,a_álvaro@hotmail.com,+54-912981052,2023-10-08,Mendoza,Argentina
209,Silvestre,Granados,s_granados@yahoo.es,+58-905831819,2021-04-24,Valencia,Venezuela
210,Susanita,Gabaldón,s_gabaldón@hotmail.com,+595-974093639,2023-12-20,Asunción,Paraguay
211,Isaías,Olivares,i_olivares@gmail.com,+58-994566031,2020-06-04,Maracaibo,Venezuela
212,Arsenio,Posada,a_posada@outlook.com,+57-910709497,2021-01-16,Cali,Colombia
213,Rosendo,Quiroga,r_quiroga@hotmail.com,+595-960855700,2021-09-26,Ciudad del Este,Paraguay
214,Fernanda,Uriarte,f_uriarte@hotmail.com,+52-928119557,2020-09-17,Monterrey,México
215,Tiburcio,Aguirre,t_aguirre@outlook.com,+58-971691040,2021-09-29,Maracaibo,Venezuela
216,Mónica,Niño,m_niño@outlook.com,+591-936231783,2023-07-20,Sucre,Bolivia
217,Paulino,Aller,p_aller@hotmail.com,+598-904308421,2024-05-30,Salto,Uruguay
218,Begoña,Amor,b_amor@hotmail.com,+51-928317637,2022-04-18,Lima,Perú
219,Florencia,Arco,f_arco@yahoo.es,+591-986282117,2021-07-07,Sucre,Bolivia
220,Norberto,Atienza,n_atienza@hotmail.com,+51-933101783,2024-09-18,Arequipa,Perú
221,Iris,Baeza,i_baeza@outlook.com,+58-948586340,2021-06-18,Barquisimeto,Venezuela
222,Carlota,Gibert,c_gibert@gmail.com,+593-912201654,2021-02-21,Ambato,Ecuador
223,Armando,Rico,a_rico@yahoo.es,+56-991332642,2020-08-16,Valparaíso,Chile
224,Eufemia,Estévez,e_estévez@yahoo.es,+595-979978790,2022-09-24,Luque,Paraguay
225,Poncio,Asensio,p_asensio@gmail.com,+593-991306093,2022-11-26,Quito,Ecuador
226,Jesusa,Vazquez,j_vazquez@yahoo.es,+52-939392920,2021-09-07,Ciudad de México,México
227,Paula,Araujo,p_araujo@hotmail.com,+591-996917555,2025-07-11,La Paz,Bolivia
228,Pascual,Peláez,p_peláez@hotmail.com,+56-914282218,2025-08-09,La Serena,Chile
229,Tatiana,Rosa,t_rosa@hotmail.com,+58-920513739,2021-09-21,Maracaibo,Venezuela
230,Íngrid,Marquez,í_marquez@hotmail.com,+593-900076758,2025-05-23,Manta,Ecuador
231,Mateo,Bermejo,m_bermejo@hotmail.com,+598-948718453,2022-08-06,Montevideo,Uruguay
232,Delfina,Maestre,d_maestre@gmail.com,+598-976149359,2020-11-14,Salto,Uruguay
233,Matilde,Bauzà,m_bauzà@outlook.com,+591-971498611,2021-05-08,La Paz,Bolivia
234,Rafaela,Castañeda,r_castañeda@hotmail.com,+591-922162965,2024-08-28,Tarija,Bolivia
235,Juan Carlos,Galván,j_galván@outlook.com,+57-997969689,2023-05-29,Cartagena,Colombia
236,Silvestre,Bastida,s_bastida@yahoo.es,+595-958800797,2021-04-08,Ciudad del Este,Paraguay
237,Ruben,Asensio,r_asensio@hotmail.com,+57-908593410,2020-02-24,Medellín,Colombia
238,Ramiro,Alberto,r_alberto@outlook.com,+58-930885476,2019-12-29,Mérida,Venezuela
239,Jovita,Escolano,j_escolano@gmail.com,+54-930728046,2020-04-06,Buenos Aires,Argentina
240,Débora,Arnal,d_arnal@outlook.com,+52-969008866,2023-01-13,Ciudad de México,México
241,Valerio,Pujol,v_pujol@outlook.com,+591-972374753,2025-03-19,Cochabamba,Bolivia
242,Cirino,Carpio,c_carpio@outlook.com,+57-954634663,2020-12-20,Barranquilla,Colombia
243,María Belén,Vargas,m_vargas@yahoo.es,+54-947553014,2024-07-09,Mendoza,Argentina
244,Damián,Menéndez,d_menéndez@gmail.com,+591-990377459,2020-08-04,La Paz,Bolivia
245,Emiliana,Galvez,e_galvez@outlook.com,+595-914665841,2022-01-22,Ciudad del Este,Paraguay
246,Seve,Uriarte,s_uriarte@outlook.com,+57-960211891,2024-08-23,Cartagena,Colombia
247,Azahara,Lago,a_lago@outlook.com,+56-962092888,2020-10-03,Concepción,Chile
248,Emilia,Alcaraz,e_alcaraz@gmail.com,+591-913141087,2020-01-29,Tarija,Bolivia
249,Jordi,Cañete,j_cañete@yahoo.es,+54-922321899,2025-05-11,Córdoba,Argentina
250,Pilar,Bueno,p_bueno@gmail.com,+591-953826716,2021-10-04,Cochabamba,Bolivia
251,Vinicio,Salas,v_salas@hotmail.com,+595-952401521,2025-01-05,Asunción,Paraguay
252,León,Bueno,l_bueno@yahoo.es,+51-993494928,2021-08-25,Trujillo,Perú
253,Diego,Tejera,d_tejera@gmail.com,+57-929219319,2020-08-05,Cali,Colombia
254,Trinidad,Ródenas,t_ródenas@yahoo.es,+52-906729990,2025-07-20,Ciudad de México,México
255,Nazaret,Pera,n_pera@gmail.com,+593-907634247,2021-12-30,Guayaquil,Ecuador
256,Alonso,Armas,a_armas@outlook.com,+54-909121552,2024-06-09,La Plata,Argentina
257,León,Fabra,l_fabra@gmail.com,+54-933046464,2020-10-30,La Plata,Argentina
258,Paola,Uribe,p_uribe@hotmail.com,+595-975863473,2022-11-02,San Lorenzo,Paraguay
259,Norberto,Flor,n_flor@hotmail.com,+57-932035886,2024-05-08,Cali,Colombia
260,Malena,Calzada,m_calzada@hotmail.com,+56-961367643,2020-09-22,Concepción,Chile
261,Nazaret,Salinas,n_salinas@gmail.com,+598-983370583,2020-09-25,Maldonado,Uruguay
262,Paulino,Catalán,p_catalán@hotmail.com,+593-967898694,2021-05-25,Guayaquil,Ecuador
263,Teodora,Elías,t_elías@hotmail.com,+52-932787299,2023-02-09,Ciudad de México,México
264,Estela,Montserrat,e_montserrat@hotmail.com,+56-972909480,2020-01-01,Antofagasta,Chile
265,Baldomero,Huguet,b_huguet@gmail.com,+593-989038526,2021-06-02,Cuenca,Ecuador
266,Palmira,Prada,p_prada@outlook.com,+51-914366125,2022-12-19,Lima,Perú
267,Andrés Felipe,Figuerola,a_figuerola@hotmail.com,+51-928270233,2022-03-12,Piura,Perú
268,Dalila,Barral,d_barral@hotmail.com,+51-965569635,2020-06-25,Piura,Perú
269,Ignacio,Rodriguez,i_rodriguez@gmail.com,+54-937135391,2019-12-14,Mendoza,Argentina
270,Ana Sofía,Manuel,a_manuel@hotmail.com,+52-985511909,2021-09-21,Guadalajara,México
271,Catalina,Román,c_román@yahoo.es,+591-994713081,2020-01-08,Tarija,Bolivia
272,Vasco,Palomino,v_palomino@outlook.com,+54-992747083,2020-04-25,Buenos Aires,Argentina
273,Sofía,Priego,s_priego@outlook.com,+52-974158663,2024-09-24,Cancún,México
274,Agustina,Pedrero,a_pedrero@hotmail.com,+56-941373735,2020-05-11,Santiago,Chile
275,Reyna,Frutos,r_frutos@outlook.com,+52-991545441,2021-01-24,Guadalajara,México
276,María Pilar,Morcillo,m_morcillo@outlook.com,+52-954543049,2022-07-26,Cancún,México
277,Carlito,Moles,c_moles@gmail.com,+56-955337219,2021-12-03,Valparaíso,Chile
278,Jose Ramón,Jordán,j_jordán@outlook.com,+52-989913412,2022-11-26,Puebla,México
279,Gisela,Uribe,g_uribe@gmail.com,+56-951343880,2025-03-10,Santiago,Chile
280,Lucas,Franch,l_franch@hotmail.com,+57-961780854,2023-05-03,Medellín,Colombia
281,Elba,Cerezo,e_cerezo@outlook.com,+57-903176186,2024-05-19,Medellín,Colombia
282,Anabel,Abella,a_abella@hotmail.com,+52-909317495,2023-11-07,Monterrey,México
283,Aura,Calvo,a_calvo@hotmail.com,+593-991203377,2020-03-22,Ambato,Ecuador
284,Francisco,Barberá,f_barberá@hotmail.com,+54-923966966,2020-05-04,Rosario,Argentina
285,Álvaro,Arribas,á_arribas@hotmail.com,+54-958326160,2023-06-06,La Plata,Argentina
286,María Belén,Amigó,m_amigó@gmail.com,+595-968642041,2024-03-25,San Lorenzo,Paraguay
287,Hipólito,Ugarte,h_ugarte@gmail.com,+58-934188276,2024-10-20,Maracaibo,Venezuela
288,Calista,Borrell,c_borrell@outlook.com,+598-972269803,2023-12-30,Paysandú,Uruguay
289,Roberta,Abril,r_abril@hotmail.com,+595-989152472,2023-06-07,Asunción,Paraguay
290,David,Acero,d_acero@hotmail.com,+54-968064830,2024-06-28,Rosario,Argentina
291,Josep,Clemente,j_clemente@hotmail.com,+52-993577729,2021-05-04,Puebla,México
292,Nidia,Adán,n_adán@yahoo.es,+57-989245317,2021-11-11,Barranquilla,Colombia
293,Ani,Cornejo,a_cornejo@yahoo.es,+58-940392808,2019-12-01,Mérida,Venezuela
294,Rebeca,Heras,r_heras@yahoo.es,+51-928210242,2023-07-11,Cusco,Perú
295,José Ángel,Caballero,j_caballero@outlook.com,+591-959345683,2025-08-23,Sucre,Bolivia
296,Odalis,Quirós,o_quirós@gmail.com,+591-988429450,2023-02-04,Cochabamba,Bolivia
297,Agapito,Amat,a_amat@gmail.com,+593-944988206,2022-07-19,Manta,Ecuador
298,Corona,Simó,c_simó@outlook.com,+51-926726767,2020-03-09,Arequipa,Perú
299,Ovidio,Torrijos,o_torrijos@gmail.com,+598-963771720,2025-01-07,Salto,Uruguay
300,Julie,Viña,j_viña@yahoo.es,+595-926096655,2025-06-15,San Lorenzo,Paraguay
301,Bienvenida,Otero,b_otero@gmail.com,+595-919806690,2021-02-08,Encarnación,Paraguay
302,Danilo,Pérez,d_pérez@yahoo.es,+595-923607110,2020-06-22,Encarnación,Paraguay
303,Sabas,Blasco,s_blasco@yahoo.es,+593-916288475,2021-05-29,Guayaquil,Ecuador
304,Chus,Alfaro,c_alfaro@hotmail.com,+591-975017682,2024-11-15,Tarija,Bolivia
305,Andrea,Prieto,a_prieto@yahoo.es,+58-957276174,2021-09-11,Mérida,Venezuela
306,Juan Bautista,Miguel,j_miguel@outlook.com,+591-934788100,2023-01-08,Sucre,Bolivia
307,Juan Pablo,Asensio,j_asensio@outlook.com,+593-984120751,2022-12-28,Ambato,Ecuador
308,Lisandro,Godoy,l_godoy@hotmail.com,+591-995770370,2022-07-17,La Paz,Bolivia
309,Miguela,Malo,m_malo@gmail.com,+51-942910691,2021-06-18,Cusco,Perú
310,Marcela,Pujadas,m_pujadas@outlook.com,+56-951410126,2022-04-24,Valparaíso,Chile
311,Liliana,Benavides,l_benavides@hotmail.com,+54-954707061,2025-02-19,Mendoza,Argentina
312,Toño,Cid,t_cid@yahoo.es,+595-927760841,2024-04-12,Asunción,Paraguay
313,Edgardo,Domingo,e_domingo@yahoo.es,+58-977267850,2025-04-05,Caracas,Venezuela
314,Adelaida,Saldaña,a_saldaña@yahoo.es,+598-940079111,2024-08-11,Punta del Este,Uruguay
315,Eligio,Rosado,e_rosado@outlook.com,+593-980967191,2025-05-21,Manta,Ecuador
316,Cruz,Alfonso,c_alfonso@yahoo.es,+57-958496914,2020-03-27,Cali,Colombia
317,Noé,Leiva,n_leiva@yahoo.es,+595-989774697,2021-10-06,Ciudad del Este,Paraguay
318,Mercedes,Arellano,m_arellano@gmail.com,+591-983517915,2024-04-30,Cochabamba,Bolivia
319,Fortunato,Pizarro,f_pizarro@gmail.com,+58-988986321,2020-11-07,Mérida,Venezuela
320,Alejo,Escolano,a_escolano@outlook.com,+595-961968116,2020-06-22,Encarnación,Paraguay
321,Azeneth,Mate,a_mate@outlook.com,+51-943936531,2025-01-04,Trujillo,Perú
322,Renata,Revilla,r_revilla@hotmail.com,+52-950885459,2024-08-21,Monterrey,México
323,Pelayo,Muñoz,p_muñoz@gmail.com,+51-963123515,2020-06-30,Lima,Perú
324,Daniela,Cisneros,d_cisneros@gmail.com,+52-987260863,2020-05-12,Guadalajara,México
325,Vanesa,Bou,v_bou@gmail.com,+598-926757737,2021-08-15,Salto,Uruguay
326,Laura,Molins,l_molins@gmail.com,+57-963560289,2022-05-10,Medellín,Colombia
327,Rodolfo,Vendrell,r_vendrell@outlook.com,+591-949512272,2021-03-13,Santa Cruz,Bolivia
328,Nuria,Pérez,n_pérez@gmail.com,+56-914508768,2023-05-30,Concepción,Chile
329,Vanesa,Ibáñez,v_ibáñez@outlook.com,+58-953238057,2020-10-06,Barquisimeto,Venezuela
330,Samanta,Gaya,s_gaya@hotmail.com,+58-913676961,2021-04-08,Maracaibo,Venezuela
331,Remedios,Fernandez,r_fernandez@yahoo.es,+58-946600900,2024-01-25,Caracas,Venezuela
332,Guiomar,Sandoval,g_sandoval@hotmail.com,+54-986911784,2020-01-20,La Plata,Argentina
333,Leonardo,Ortuño,l_ortuño@yahoo.es,+595-914165187,2023-12-22,Luque,Paraguay
334,Goyo,Barroso,g_barroso@outlook.com,+591-958450095,2022-12-10,Cochabamba,Bolivia
335,Berta,Arnau,b_arnau@yahoo.es,+58-964893936,2024-10-18,Mérida,Venezuela
336,Gabriel,Guijarro,g_guijarro@outlook.com,+58-943258988,2020-11-18,Valencia,Venezuela
337,Camila,Mariscal,c_mariscal@yahoo.es,+51-932730796,2024-02-29,Trujillo,Perú
338,Cayetana,Saez,c_saez@hotmail.com,+52-966344695,2021-12-13,Ciudad de México,México
339,Segismundo,Blasco,s_blasco@hotmail.com,+591-947623800,2023-09-24,Cochabamba,Bolivia
340,Milagros,Mateu,m_mateu@hotmail.com,+51-994111289,2020-01-10,Piura,Perú
341,Marcio,Jara,m_jara@outlook.com,+593-911490777,2024-06-20,Guayaquil,Ecuador
342,Jacobo,Gomez,j_gomez@yahoo.es,+591-932255732,2025-06-01,Tarija,Bolivia
343,Haydée,Sainz,h_sainz@hotmail.com,+591-912489409,2022-05-25,La Paz,Bolivia
344,Vera,Guardiola,v_guardiola@hotmail.com,+595-941098277,2025-03-21,Encarnación,Paraguay
345,René,Arco,r_arco@yahoo.es,+593-946138336,2023-08-15,Manta,Ecuador
346,Estela,Barrio,e_barrio@hotmail.com,+52-936361787,2022-09-24,Puebla,México
347,Ariel,Mur,a_mur@outlook.com,+57-996809144,2023-06-14,Bogotá,Colombia
348,Urbano,Nicolás,u_nicolás@outlook.com,+54-992632184,2022-01-22,La Plata,Argentina
349,Jacinto,Solé,j_solé@hotmail.com,+57-937111151,2021-01-14,Barranquilla,Colombia
350,Elisa,Maza,e_maza@hotmail.com,+57-930532273,2021-12-03,Cali,Colombia
351,Venceslás,Poza,v_poza@outlook.com,+51-995028632,2022-12-27,Lima,Perú
352,Marisa,Garzón,m_garzón@hotmail.com,+598-974270583,2021-04-30,Montevideo,Uruguay
353,Cruz,Álvaro,c_álvaro@hotmail.com,+591-901646234,2025-03-05,La Paz,Bolivia
354,Ligia,Gibert,l_gibert@outlook.com,+591-945728776,2020-06-27,Sucre,Bolivia
355,Francisca,Jara,f_jara@gmail.com,+51-915312516,2024-05-28,Trujillo,Perú
356,Geraldo,Alcázar,g_alcázar@gmail.com,+591-977446468,2021-08-12,La Paz,Bolivia
357,Albert,Cuadrado,a_cuadrado@gmail.com,+56-940780112,2022-09-11,La Serena,Chile
358,Lucho,Daza,l_daza@outlook.com,+54-955857931,2024-03-06,La Plata,Argentina
359,Felisa,Torrens,f_torrens@yahoo.es,+591-939910061,2023-05-03,Sucre,Bolivia
360,Brígida,Nogués,b_nogués@gmail.com,+58-908083974,2022-03-30,Mérida,Venezuela
361,Faustino,Franco,f_franco@gmail.com,+57-988641164,2021-09-03,Cali,Colombia
362,Manolo,Pulido,m_pulido@gmail.com,+57-974087145,2021-09-01,Medellín,Colombia
363,Lourdes,Bermudez,l_bermudez@yahoo.es,+598-960465583,2023-03-06,Maldonado,Uruguay
364,Maximiliano,Baños,m_baños@hotmail.com,+598-938668783,2025-01-01,Salto,Uruguay
365,Montserrat,Cuervo,m_cuervo@outlook.com,+54-935507920,2024-09-05,Córdoba,Argentina
366,Dani,Roldan,d_roldan@outlook.com,+54-930173413,2022-11-22,La Plata,Argentina
367,Amparo,Quintana,a_quintana@outlook.com,+56-908004482,2023-05-12,Santiago,Chile
368,Macaria,Acuña,m_acuña@yahoo.es,+58-938736657,2021-04-22,Mérida,Venezuela
369,Otilia,Zabala,o_zabala@yahoo.es,+591-993916665,2022-12-19,Santa Cruz,Bolivia
370,Emelina,Rebollo,e_rebollo@yahoo.es,+593-966276072,2020-10-24,Manta,Ecuador
371,Arsenio,Borrego,a_borrego@hotmail.com,+58-957985905,2022-09-20,Caracas,Venezuela
372,Alex,Pineda,a_pineda@gmail.com,+598-930725714,2022-12-07,Montevideo,Uruguay
373,Tecla,Roldán,t_roldán@yahoo.es,+58-923513701,2025-09-24,Caracas,Venezuela
374,Samanta,Molins,s_molins@yahoo.es,+591-924359060,2025-06-05,Santa Cruz,Bolivia
375,Anselma,Salinas,a_salinas@yahoo.es,+54-946702542,2023-08-26,Mendoza,Argentina
376,Ani,Cuesta,a_cuesta@hotmail.com,+52-921585546,2024-07-12,Ciudad de México,México
377,Julieta,Menéndez,j_menéndez@yahoo.es,+591-988930456,2020-04-28,Santa Cruz,Bolivia
378,Efraín,Peiró,e_peiró@hotmail.com,+591-942213778,2023-07-16,La Paz,Bolivia
379,Rebeca,Robles,r_robles@gmail.com,+54-969067939,2025-02-03,Mendoza,Argentina
380,Poncio,Castrillo,p_castrillo@hotmail.com,+595-925176902,2025-07-02,Asunción,Paraguay
381,Marisol,Gil,m_gil@hotmail.com,+591-927321124,2021-05-19,La Paz,Bolivia
382,Cecilia,Murcia,c_murcia@yahoo.es,+51-993717532,2021-04-10,Trujillo,Perú
383,Josué,Arnaiz,j_arnaiz@outlook.com,+598-932117961,2023-05-25,Paysandú,Uruguay
384,Eusebia,Mas,e_mas@yahoo.es,+593-974121929,2020-12-15,Quito,Ecuador
385,Lorenza,Mariño,l_mariño@gmail.com,+57-961934487,2021-08-21,Bogotá,Colombia
386,Eugenia,Navarro,e_navarro@hotmail.com,+591-968299645,2024-07-27,Santa Cruz,Bolivia
387,Alejandro,Guerrero,a_guerrero@yahoo.es,+591-932713008,2021-07-14,Sucre,Bolivia
388,Socorro,Pujol,s_pujol@outlook.com,+595-980447099,2020-09-10,Encarnación,Paraguay
389,Guillermo,Águila,g_águila@hotmail.com,+51-945617282,2019-12-10,Trujillo,Perú
390,Sol,Fiol,s_fiol@yahoo.es,+51-978777447,2021-07-30,Cusco,Perú
391,Margarita,Izaguirre,m_izaguirre@hotmail.com,+591-965007200,2023-08-22,Tarija,Bolivia
392,René,Porta,r_porta@yahoo.es,+593-950628276,2023-07-10,Manta,Ecuador
393,Elisa,Alsina,e_alsina@yahoo.es,+57-976745380,2022-07-13,Medellín,Colombia
394,Azeneth,Carretero,a_carretero@yahoo.es,+595-942704903,2024-03-09,Asunción,Paraguay
395,José Ángel,Mariscal,j_mariscal@gmail.com,+595-966481885,2021-04-30,Encarnación,Paraguay
396,Elvira,Posada,e_posada@gmail.com,+593-944559574,2024-11-06,Manta,Ecuador
397,Armando,Cervantes,a_cervantes@gmail.com,+54-961327848,2021-07-12,La Plata,Argentina
398,Elodia,Quiroga,e_quiroga@yahoo.es,+595-910043277,2022-11-19,Encarnación,Paraguay
399,Nadia,Muro,n_muro@yahoo.es,+52-992973237,2020-10-23,Cancún,México
400,Jafet,Español,j_español@hotmail.com,+52-951003997,2025-05-20,Cancún,México
401,Jacinta,Gisbert,j_gisbert@gmail.com,+593-982874006,2022-07-18,Quito,Ecuador
402,Rosenda,Benítez,r_benítez@yahoo.es,+51-912130508,2021-01-06,Arequipa,Perú
403,Omar,Fortuny,o_fortuny@hotmail.com,+54-922329103,2020-03-27,Mendoza,Argentina
404,Alfredo,Tello,a_tello@hotmail.com,+598-907532195,2023-12-07,Punta del Este,Uruguay
405,Ale,Solano,a_solano@outlook.com,+52-919538047,2024-07-13,Puebla,México
406,Tecla,Calvet,t_calvet@outlook.com,+58-922814819,2020-10-18,Maracaibo,Venezuela
407,Esmeralda,Arnal,e_arnal@outlook.com,+58-983176117,2025-06-29,Barquisimeto,Venezuela
408,Natividad,Manuel,n_manuel@yahoo.es,+58-931163805,2022-10-05,Maracaibo,Venezuela
409,Julieta,Águila,j_águila@gmail.com,+591-989501846,2025-02-16,Santa Cruz,Bolivia
410,Josefa,Valderrama,j_valderrama@gmail.com,+51-921203129,2024-11-12,Piura,Perú
411,Ascensión,Rodríguez,a_rodríguez@yahoo.es,+52-940151803,2022-09-19,Cancún,México
412,Alonso,Benitez,a_benitez@yahoo.es,+591-926738452,2025-05-01,Santa Cruz,Bolivia
413,Plinio,Barrios,p_barrios@hotmail.com,+54-951185849,2023-03-25,Córdoba,Argentina
414,Aránzazu,Gonzalez,a_gonzalez@yahoo.es,+51-988346110,2022-12-28,Lima,Perú
415,Viviana,Gómez,v_gómez@gmail.com,+598-992046449,2025-06-25,Paysandú,Uruguay
416,Leonel,Montalbán,l_montalbán@hotmail.com,+51-981478884,2022-05-15,Arequipa,Perú
417,Calisto,Escobar,c_escobar@outlook.com,+57-933638559,2020-12-31,Cartagena,Colombia
418,Eloísa,Álamo,e_álamo@gmail.com,+598-959166287,2024-01-02,Punta del Este,Uruguay
419,Eustaquio,Infante,e_infante@hotmail.com,+56-939609054,2024-07-27,Santiago,Chile
420,Ovidio,Llano,o_llano@hotmail.com,+56-917738187,2025-07-16,Valparaíso,Chile
421,Marisa,Bonet,m_bonet@yahoo.es,+51-934489940,2023-03-22,Arequipa,Perú
422,Apolonia,Gallardo,a_gallardo@gmail.com,+52-962858374,2021-06-28,Ciudad de México,México
423,Heraclio,Valderrama,h_valderrama@hotmail.com,+57-974801233,2020-12-03,Barranquilla,Colombia
424,Charo,Viñas,c_viñas@gmail.com,+595-935495029,2025-01-04,Asunción,Paraguay
425,Cándido,Mayo,c_mayo@yahoo.es,+52-978458327,2024-01-29,Monterrey,México
426,Florina,Tur,f_tur@gmail.com,+54-963280554,2023-08-04,Córdoba,Argentina
427,Marina,Meléndez,m_meléndez@gmail.com,+58-986926431,2025-02-12,Maracaibo,Venezuela
428,Espiridión,Olmo,e_olmo@outlook.com,+51-915659979,2020-06-02,Trujillo,Perú
429,Amado,Seco,a_seco@gmail.com,+598-966118957,2021-01-01,Punta del Este,Uruguay
430,Nieves,Mendez,n_mendez@yahoo.es,+57-918208520,2024-12-31,Cartagena,Colombia
431,Iván,Zorrilla,i_zorrilla@outlook.com,+52-956254240,2024-07-25,Cancún,México
432,Rafaela,Cañas,r_cañas@yahoo.es,+54-982631441,2023-01-18,Mendoza,Argentina
433,Artemio,Folch,a_folch@yahoo.es,+598-929161443,2024-11-24,Punta del Este,Uruguay
434,Dulce,Pagès,d_pagès@hotmail.com,+57-913335151,2023-12-08,Cali,Colombia
435,Paola,Barranco,p_barranco@outlook.com,+598-937028180,2021-04-13,Maldonado,Uruguay
436,Florentina,Baquero,f_baquero@outlook.com,+591-988955314,2020-02-25,La Paz,Bolivia
437,Venceslás,Verdugo,v_verdugo@outlook.com,+598-932691263,2022-03-19,Punta del Este,Uruguay
438,Tiburcio,Salvador,t_salvador@outlook.com,+54-927804191,2022-07-11,La Plata,Argentina
439,Victoriano,Méndez,v_méndez@gmail.com,+52-979991301,2023-01-08,Guadalajara,México
440,Nicanor,Abascal,n_abascal@hotmail.com,+56-972506491,2021-11-13,Valparaíso,Chile
441,Andrés,Montesinos,a_montesinos@gmail.com,+54-917690330,2023-12-06,Buenos Aires,Argentina
442,Goyo,Montalbán,g_montalbán@gmail.com,+57-943455870,2021-11-12,Cartagena,Colombia
443,Alondra,Pla,a_pla@yahoo.es,+51-917013243,2021-03-09,Lima,Perú
444,Leyre,Barreda,l_barreda@hotmail.com,+54-960166480,2025-09-01,Mendoza,Argentina
445,Florinda,Gimeno,f_gimeno@outlook.com,+58-960667140,2020-05-25,Caracas,Venezuela
446,Ruben,Santamaria,r_santamaria@gmail.com,+593-961477426,2020-08-05,Cuenca,Ecuador
447,Horacio,Gaya,h_gaya@gmail.com,+591-957213476,2025-05-30,Sucre,Bolivia
448,Roque,Bayo,r_bayo@hotmail.com,+591-910843514,2021-07-29,La Paz,Bolivia
449,Julio César,Escrivá,j_escrivá@hotmail.com,+54-936912022,2024-03-08,Córdoba,Argentina
450,José Luis,Suarez,j_suarez@yahoo.es,+58-939580505,2025-07-31,Mérida,Venezuela
451,Lisandro,Blazquez,l_blazquez@gmail.com,+58-913311507,2022-04-28,Barquisimeto,Venezuela
452,Pelayo,Buendía,p_buendía@yahoo.es,+595-930667888,2023-09-18,Luque,Paraguay
453,Paulina,Rovira,p_rovira@gmail.com,+591-955833185,2023-06-02,Sucre,Bolivia
454,Macaria,Goicoechea,m_goicoechea@hotmail.com,+595-989269266,2024-02-10,Ciudad del Este,Paraguay
455,Eutimio,Molina,e_molina@gmail.com,+56-909010480,2020-11-13,Antofagasta,Chile
456,Ulises,Ricart,u_ricart@hotmail.com,+54-912960658,2021-05-15,Mendoza,Argentina
457,Leandra,Baró,l_baró@hotmail.com,+593-978714010,2021-04-13,Quito,Ecuador
458,Felipa,Llopis,f_llopis@yahoo.es,+595-989300492,2020-06-27,Ciudad del Este,Paraguay
459,Apolonia,Crespi,a_crespi@hotmail.com,+51-941936181,2021-01-27,Piura,Perú
460,Juana,Lamas,j_lamas@outlook.com,+58-928553319,2025-04-27,Mérida,Venezuela
461,Fortunata,Herranz,f_herranz@hotmail.com,+57-946991504,2021-03-14,Bogotá,Colombia
462,Sigfrido,Mata,s_mata@yahoo.es,+51-930354559,2020-03-16,Piura,Perú
463,Caridad,Nogués,c_nogués@outlook.com,+58-903886030,2022-12-23,Valencia,Venezuela
464,Carlito,Salcedo,c_salcedo@gmail.com,+51-947113566,2021-12-12,Cusco,Perú
465,Belén,Cáceres,b_cáceres@yahoo.es,+56-988227303,2020-09-10,La Serena,Chile
466,Josefa,Sancho,j_sancho@outlook.com,+56-912315507,2024-02-17,Santiago,Chile
467,Isa,Pardo,i_pardo@outlook.com,+595-945754284,2024-01-23,Luque,Paraguay
468,Marcela,Valbuena,m_valbuena@gmail.com,+51-976181117,2020-07-02,Cusco,Perú
469,Ainoa,Franco,a_franco@gmail.com,+56-982924837,2020-10-29,Valparaíso,Chile
470,Benito,Pombo,b_pombo@yahoo.es,+51-988843907,2025-05-11,Trujillo,Perú
471,Borja,Juliá,b_juliá@hotmail.com,+58-955590800,2022-04-30,Barquisimeto,Venezuela
472,Sabina,Portillo,s_portillo@yahoo.es,+593-946328316,2021-02-26,Quito,Ecuador
473,Amor,Bernal,a_bernal@hotmail.com,+51-965314742,2020-06-03,Piura,Perú
474,América,Jara,a_jara@gmail.com,+57-980440034,2019-12-31,Barranquilla,Colombia
475,María Dolores,Boix,m_boix@outlook.com,+57-928351344,2022-10-11,Cali,Colombia
476,Dulce,Pina,d_pina@gmail.com,+51-916104026,2025-06-28,Cusco,Perú
477,Mariano,Amigó,m_amigó@yahoo.es,+595-917339011,2022-06-29,Encarnación,Paraguay
478,Tomasa,Barrena,t_barrena@hotmail.com,+593-989663907,2020-09-20,Manta,Ecuador
479,Benjamín,Cortina,b_cortina@gmail.com,+595-958548403,2025-01-25,Asunción,Paraguay
480,Nacio,Revilla,n_revilla@yahoo.es,+54-977277086,2024-06-12,Rosario,Argentina
481,Inmaculada,Vicente,i_vicente@yahoo.es,+595-915458308,2020-02-23,Ciudad del Este,Paraguay
482,Morena,Francisco,m_francisco@yahoo.es,+52-982963368,2023-12-21,Guadalajara,México
483,Verónica,Murcia,v_murcia@outlook.com,+54-914208709,2024-10-18,Mendoza,Argentina
484,Áurea,Roldan,á_roldan@gmail.com,+58-970325062,2024-05-08,Barquisimeto,Venezuela
485,Patricia,Cases,p_cases@hotmail.com,+51-929738898,2021-10-18,Cusco,Perú
486,Victor Manuel,Viña,v_viña@gmail.com,+54-984989976,2025-08-18,La Plata,Argentina
487,Josep,Sáez,j_sáez@outlook.com,+57-947123808,2022-07-24,Cali,Colombia
488,Ale,Tejero,a_tejero@outlook.com,+54-934355473,2021-11-09,Córdoba,Argentina
489,Roberto,Moya,r_moya@gmail.com,+58-987980930,2021-11-24,Maracaibo,Venezuela
490,Juan Bautista,Abad,j_abad@yahoo.es,+591-975663295,2023-07-15,Sucre,Bolivia
491,Eloy,Gomez,e_gomez@gmail.com,+52-959023966,2025-03-03,Guadalajara,México
492,Manuel,Sotelo,m_sotelo@gmail.com,+591-936866075,2023-11-10,Santa Cruz,Bolivia
493,María Belén,Carrión,m_carrión@yahoo.es,+593-941662236,2024-12-24,Quito,Ecuador
494,Lorenzo,Ocaña,l_ocaña@hotmail.com,+598-949491122,2020-10-09,Montevideo,Uruguay
495,Darío,Ferrando,d_ferrando@yahoo.es,+54-979736043,2025-02-06,La Plata,Argentina
496,Vito,Llamas,v_llamas@gmail.com,+58-999176303,2024-12-15,Mérida,Venezuela
497,Genoveva,Agudo,g_agudo@yahoo.es,+58-943154591,2025-07-14,Maracaibo,Venezuela
498,Melisa,Castell,m_castell@gmail.com,+56-960468188,2023-10-06,Santiago,Chile
499,Bernardita,Cárdenas,b_cárdenas@outlook.com,+54-986721710,2020-05-08,La Plata,Argentina
500,Silvio,Palacio,s_palacio@outlook.com,+57-958978194,2023-12-29,Barranquilla,Colombia
501,Nayara,Rosado,n_rosado@yahoo.es,+52-951998170,2023-09-15,Monterrey,México
502,Octavio,Escrivá,o_escrivá@hotmail.com,+58-984676162,2020-08-25,Caracas,Venezuela
503,Clotilde,Gisbert,c_gisbert@yahoo.es,+52-974888554,2023-02-05,Ciudad de México,México
504,Xiomara,Peñalver,x_peñalver@hotmail.com,+51-920182766,2020-10-28,Piura,Perú
505,Alejandra,Paredes,a_paredes@hotmail.com,+58-946952151,2024-04-22,Maracaibo,Venezuela
506,Román,Escamilla,r_escamilla@gmail.com,+56-995138090,2023-05-21,La Serena,Chile
507,Wálter,Pelayo,w_pelayo@hotmail.com,+593-986368203,2021-05-06,Ambato,Ecuador
508,María,Infante,m_infante@yahoo.es,+593-986707983,2025-08-12,Quito,Ecuador
509,Néstor,Jordán,n_jordán@hotmail.com,+52-948667035,2021-12-07,Ciudad de México,México
510,Alberto,Guillén,a_guillén@outlook.com,+57-965266178,2022-06-14,Cali,Colombia
511,Melania,Mayol,m_mayol@hotmail.com,+56-910356922,2021-01-17,Valparaíso,Chile
512,Daniela,Viana,d_viana@gmail.com,+593-999139119,2023-09-09,Manta,Ecuador
513,Maristela,Huerta,m_huerta@yahoo.es,+58-980161060,2021-08-22,Maracaibo,Venezuela
514,Elodia,Sanchez,e_sanchez@outlook.com,+56-992992167,2024-10-26,Valparaíso,Chile
515,Poncio,Palma,p_palma@outlook.com,+598-948895439,2024-11-22,Maldonado,Uruguay
516,Narciso,Gálvez,n_gálvez@outlook.com,+58-960254091,2022-08-05,Valencia,Venezuela
517,Sabas,Martín,s_martín@hotmail.com,+51-926040410,2024-11-07,Trujillo,Perú
518,Eusebia,Doménech,e_doménech@yahoo.es,+591-951254050,2021-09-23,Santa Cruz,Bolivia
519,Gerardo,Avilés,g_avilés@hotmail.com,+57-918575536,2020-06-30,Cartagena,Colombia
520,Roberta,Juárez,r_juárez@gmail.com,+591-974429198,2025-09-12,Santa Cruz,Bolivia
521,Urbano,Aragonés,u_aragonés@outlook.com,+54-911257528,2022-12-21,Rosario,Argentina
522,Natanael,Jimenez,n_jimenez@yahoo.es,+591-919776801,2020-12-09,Tarija,Bolivia
523,Sonia,Juan,s_juan@gmail.com,+57-946920514,2024-07-25,Barranquilla,Colombia
524,Ana Belén,Puga,a_puga@hotmail.com,+598-967378254,2022-07-22,Maldonado,Uruguay
525,Pepito,Varela,p_varela@outlook.com,+595-950319927,2020-03-24,Asunción,Paraguay
526,Sarita,Font,s_font@hotmail.com,+52-995925983,2021-07-20,Ciudad de México,México
527,Emilia,Alba,e_alba@yahoo.es,+56-938504300,2021-06-20,Santiago,Chile
528,Borja,Solís,b_solís@gmail.com,+591-982590645,2020-10-19,Sucre,Bolivia
529,Rogelio,Córdoba,r_córdoba@outlook.com,+598-928944689,2024-08-28,Punta del Este,Uruguay
530,Perlita,Salmerón,p_salmerón@hotmail.com,+54-931895531,2021-04-12,Rosario,Argentina
531,Bernabé,Llamas,b_llamas@yahoo.es,+598-956348030,2020-08-13,Salto,Uruguay
532,Rosa,Heredia,r_heredia@gmail.com,+54-980092958,2025-09-09,Mendoza,Argentina
533,Ariadna,Muñoz,a_muñoz@outlook.com,+58-996441387,2023-03-07,Maracaibo,Venezuela
534,Verónica,Collado,v_collado@hotmail.com,+595-982518345,2022-08-11,Asunción,Paraguay
535,Rosenda,Vives,r_vives@gmail.com,+58-925140847,2023-12-16,Barquisimeto,Venezuela
536,Virgilio,Barros,v_barros@gmail.com,+54-973025444,2024-04-16,La Plata,Argentina
537,Renata,Osuna,r_osuna@yahoo.es,+591-985318289,2024-02-06,La Paz,Bolivia
538,María José,Villaverde,m_villaverde@gmail.com,+51-947928328,2023-10-12,Lima,Perú
539,Joan,Linares,j_linares@hotmail.com,+57-978101741,2021-05-29,Bogotá,Colombia
540,Florinda,Larrea,f_larrea@hotmail.com,+598-973284724,2021-11-16,Punta del Este,Uruguay
541,Jafet,Amat,j_amat@outlook.com,+591-984790150,2021-06-04,Sucre,Bolivia
542,Eleuterio,Solano,e_solano@hotmail.com,+54-904963880,2022-03-04,Mendoza,Argentina
543,Trini,Heredia,t_heredia@hotmail.com,+598-905624520,2023-05-23,Salto,Uruguay
544,Carmela,Monreal,c_monreal@yahoo.es,+593-972884346,2022-10-02,Ambato,Ecuador
545,María,León,m_león@hotmail.com,+598-938401154,2020-06-12,Salto,Uruguay
546,Salud,Egea,s_egea@hotmail.com,+52-916706752,2024-10-23,Monterrey,México
547,Nieves,Lozano,n_lozano@hotmail.com,+595-951894582,2022-01-03,Luque,Paraguay
548,Benjamín,Costa,b_costa@hotmail.com,+591-949304469,2020-11-02,Sucre,Bolivia
549,Encarnación,Jover,e_jover@outlook.com,+595-957795113,2023-03-17,Asunción,Paraguay
550,Oriana,Aguilera,o_aguilera@hotmail.com,+52-910746667,2023-03-24,Ciudad de México,México
551,Marcial,Rodrigo,m_rodrigo@yahoo.es,+51-980882505,2021-10-12,Trujillo,Perú
552,Aránzazu,Zapata,a_zapata@gmail.com,+591-960012727,2023-11-13,Santa Cruz,Bolivia
553,Rogelio,Artigas,r_artigas@gmail.com,+58-936850196,2020-10-02,Barquisimeto,Venezuela
554,Calista,Sanmiguel,c_sanmiguel@outlook.com,+595-968865239,2020-04-05,Ciudad del Este,Paraguay
555,Salvador,Flores,s_flores@yahoo.es,+56-991011547,2020-04-20,La Serena,Chile
556,Susanita,Jara,s_jara@hotmail.com,+56-931674763,2023-12-22,Santiago,Chile
557,Gala,Dávila,g_dávila@outlook.com,+595-904346684,2024-12-15,San Lorenzo,Paraguay
558,Amarilis,Daza,a_daza@gmail.com,+52-959584522,2021-06-15,Monterrey,México
559,Marino,Saavedra,m_saavedra@hotmail.com,+593-953423225,2023-01-14,Cuenca,Ecuador
560,Noa,Solana,n_solana@outlook.com,+57-903478029,2025-07-05,Bogotá,Colombia
561,Cristóbal,Cantón,c_cantón@gmail.com,+593-975386435,2022-11-06,Ambato,Ecuador
562,Pascual,Salinas,p_salinas@hotmail.com,+51-928799154,2025-06-02,Trujillo,Perú
563,Carmelita,Sastre,c_sastre@gmail.com,+57-918217159,2024-12-24,Bogotá,Colombia
564,Guillermo,Tenorio,g_tenorio@hotmail.com,+56-911783073,2023-10-23,Antofagasta,Chile
565,Merche,Blázquez,m_blázquez@hotmail.com,+54-972769008,2023-04-11,La Plata,Argentina
566,Néstor,Ramos,n_ramos@outlook.com,+56-948518659,2021-04-10,Valparaíso,Chile
567,Donato,Quintanilla,d_quintanilla@yahoo.es,+57-931774192,2020-03-16,Medellín,Colombia
568,Faustino,Bas,f_bas@hotmail.com,+52-976809773,2025-02-25,Cancún,México
569,Manu,Torrijos,m_torrijos@gmail.com,+593-982134318,2020-08-25,Guayaquil,Ecuador
570,Héctor,Pineda,h_pineda@yahoo.es,+51-996225198,2024-07-08,Trujillo,Perú
571,Ainoa,Boada,a_boada@outlook.com,+595-909898653,2023-06-20,San Lorenzo,Paraguay
572,Joel,Álamo,j_álamo@hotmail.com,+54-962523073,2021-05-08,Mendoza,Argentina
573,Lorenza,Valbuena,l_valbuena@outlook.com,+593-924422678,2024-10-06,Manta,Ecuador
574,Hector,Barroso,h_barroso@outlook.com,+593-916664623,2023-04-28,Quito,Ecuador
575,Lupe,Almagro,l_almagro@outlook.com,+56-943306792,2023-10-17,Valparaíso,Chile
576,Jovita,Garriga,j_garriga@hotmail.com,+593-910584397,2022-02-11,Cuenca,Ecuador
577,Vicenta,Benet,v_benet@hotmail.com,+593-916800072,2020-12-16,Cuenca,Ecuador
578,Cloe,Carpio,c_carpio@outlook.com,+593-979431184,2021-10-31,Guayaquil,Ecuador
579,Rómulo,Rodríguez,r_rodríguez@gmail.com,+58-945314533,2020-03-25,Mérida,Venezuela
580,Severo,Carreño,s_carreño@hotmail.com,+54-986094462,2022-04-11,Buenos Aires,Argentina
581,Teobaldo,Doménech,t_doménech@gmail.com,+58-982961108,2025-06-30,Barquisimeto,Venezuela
582,María,Puerta,m_puerta@hotmail.com,+593-986155337,2025-04-30,Cuenca,Ecuador
583,Esmeralda,Yáñez,e_yáñez@yahoo.es,+57-939920898,2020-09-23,Barranquilla,Colombia
584,Loreto,Rosado,l_rosado@yahoo.es,+598-959002851,2025-05-05,Salto,Uruguay
585,Alexandra,Pozuelo,a_pozuelo@outlook.com,+591-945659873,2023-06-02,Cochabamba,Bolivia
586,Francisco Jose,Benitez,f_benitez@outlook.com,+52-953514837,2024-01-25,Monterrey,México
587,Ani,Chacón,a_chacón@hotmail.com,+593-914251766,2022-08-16,Manta,Ecuador
588,Geraldo,Miguel,g_miguel@yahoo.es,+591-935899440,2022-09-10,La Paz,Bolivia
589,Abril,Escudero,a_escudero@hotmail.com,+56-906792127,2024-03-21,Santiago,Chile
590,Edgardo,Jiménez,e_jiménez@outlook.com,+58-933322272,2023-08-02,Barquisimeto,Venezuela
591,Ana,Quirós,a_quirós@outlook.com,+58-925479101,2025-07-01,Valencia,Venezuela
592,Florinda,Roda,f_roda@hotmail.com,+593-966942394,2025-06-28,Ambato,Ecuador
593,Valerio,Arnal,v_arnal@yahoo.es,+598-952780072,2022-08-12,Montevideo,Uruguay
594,Jacinta,Sarmiento,j_sarmiento@gmail.com,+57-947364777,2020-06-24,Cartagena,Colombia
595,Cristian,Poza,c_poza@yahoo.es,+51-980197611,2023-02-12,Trujillo,Perú
596,Purificación,Salazar,p_salazar@yahoo.es,+593-914428014,2021-05-31,Quito,Ecuador
597,Cirino,Leal,c_leal@hotmail.com,+51-954123845,2020-06-02,Cusco,Perú
598,Aurelia,Palomar,a_palomar@outlook.com,+595-976541906,2023-12-23,Asunción,Paraguay
599,Édgar,Chico,é_chico@yahoo.es,+593-909869264,2025-07-26,Cuenca,Ecuador
600,Nazario,Sastre,n_sastre@gmail.com,+591-937543473,2021-05-10,Tarija,Bolivia
601,Brunilda,Pellicer,b_pellicer@hotmail.com,+54-950089832,2024-01-05,Mendoza,Argentina
602,Jesusa,Duque,j_duque@yahoo.es,+56-980861208,2025-07-09,Valparaíso,Chile
603,Gregorio,Moles,g_moles@outlook.com,+598-905222944,2023-08-25,Montevideo,Uruguay
604,Eutropio,Valverde,e_valverde@outlook.com,+591-961335966,2025-09-10,Tarija,Bolivia
605,Bartolomé,Amo,b_amo@hotmail.com,+56-982284610,2021-09-25,Concepción,Chile
606,Milagros,Fajardo,m_fajardo@hotmail.com,+595-999229764,2023-09-07,San Lorenzo,Paraguay
607,Luís,Becerra,l_becerra@yahoo.es,+593-971449442,2023-04-10,Manta,Ecuador
608,Jacinto,Sala,j_sala@hotmail.com,+591-949440148,2021-02-20,La Paz,Bolivia
609,Jorge,Iglesias,j_iglesias@gmail.com,+595-941295819,2025-03-26,San Lorenzo,Paraguay
610,Néstor,Leon,n_leon@outlook.com,+51-977528776,2020-06-27,Piura,Perú
611,Eduardo,Macias,e_macias@yahoo.es,+58-922885741,2021-07-27,Barquisimeto,Venezuela
612,Ale,Báez,a_báez@gmail.com,+57-976849080,2022-01-19,Bogotá,Colombia
613,Blas,Oliva,b_oliva@yahoo.es,+598-942103092,2021-08-11,Maldonado,Uruguay
614,Sara,Miranda,s_miranda@yahoo.es,+595-955079923,2020-08-11,Encarnación,Paraguay
615,Aura,Estevez,a_estevez@hotmail.com,+56-927828932,2025-04-11,La Serena,Chile
616,Rosa,Escrivá,r_escrivá@outlook.com,+593-942111160,2025-01-24,Ambato,Ecuador
617,Blas,Carbajo,b_carbajo@hotmail.com,+593-973319550,2022-11-16,Cuenca,Ecuador
618,Pascuala,Mínguez,p_mínguez@outlook.com,+58-925805259,2023-01-15,Barquisimeto,Venezuela
619,Cesar,Sales,c_sales@hotmail.com,+593-930181142,2023-02-25,Cuenca,Ecuador
620,Cirino,Abellán,c_abellán@yahoo.es,+57-942552488,2023-10-28,Barranquilla,Colombia
621,Virgilio,Amo,v_amo@gmail.com,+593-938626436,2024-03-03,Cuenca,Ecuador
622,Trinidad,Sastre,t_sastre@hotmail.com,+595-919659692,2020-05-20,Ciudad del Este,Paraguay
623,Agustina,Roma,a_roma@yahoo.es,+51-946488123,2022-10-15,Lima,Perú
624,Guadalupe,Figueroa,g_figueroa@hotmail.com,+591-927121108,2022-12-16,Cochabamba,Bolivia
625,Pascuala,Caro,p_caro@outlook.com,+56-982634772,2022-08-19,Santiago,Chile
626,Hugo,Cabanillas,h_cabanillas@outlook.com,+598-930289135,2020-07-02,Paysandú,Uruguay
627,Nadia,Posada,n_posada@yahoo.es,+54-944331259,2021-01-14,Mendoza,Argentina
628,Valeria,Martorell,v_martorell@outlook.com,+56-973867070,2024-06-22,Santiago,Chile
629,Matías,Hervás,m_hervás@outlook.com,+591-987313825,2023-02-18,Sucre,Bolivia
630,Carolina,Ferrándiz,c_ferrándiz@gmail.com,+52-986690951,2020-11-30,Monterrey,México
631,Guadalupe,Páez,g_páez@gmail.com,+58-971826922,2021-11-16,Maracaibo,Venezuela
632,Tania,Marti,t_marti@yahoo.es,+595-904877451,2025-06-20,Encarnación,Paraguay
633,Felix,Oller,f_oller@gmail.com,+56-905028625,2023-04-05,Concepción,Chile
634,Mohamed,Aguiló,m_aguiló@hotmail.com,+58-914401654,2023-02-07,Mérida,Venezuela
635,Rita,Gisbert,r_gisbert@yahoo.es,+591-970372842,2021-06-01,Tarija,Bolivia
636,Poncio,Hierro,p_hierro@outlook.com,+593-936619573,2021-03-05,Ambato,Ecuador
637,Jose Carlos,Díez,j_díez@yahoo.es,+52-998129162,2022-10-18,Guadalajara,México
638,Ofelia,Borrego,o_borrego@hotmail.com,+56-998867180,2023-03-22,Santiago,Chile
639,Anacleto,Cabrera,a_cabrera@yahoo.es,+58-923554528,2024-09-15,Maracaibo,Venezuela
640,Felipe,Navas,f_navas@yahoo.es,+593-911641746,2020-12-24,Cuenca,Ecuador
641,Marcelo,Quintanilla,m_quintanilla@hotmail.com,+56-964082804,2022-09-11,Valparaíso,Chile
642,Virgilio,Morán,v_morán@outlook.com,+598-951482483,2024-12-02,Punta del Este,Uruguay
643,María José,Bayón,m_bayón@gmail.com,+51-940526484,2022-11-05,Cusco,Perú
644,Luís,Palma,l_palma@gmail.com,+52-908338186,2025-02-17,Guadalajara,México
645,Reina,Sanchez,r_sanchez@hotmail.com,+51-954414096,2021-03-24,Arequipa,Perú
646,Adriana,Arnal,a_arnal@outlook.com,+51-982493631,2022-05-15,Cusco,Perú
647,Joan,Bustos,j_bustos@yahoo.es,+56-920560218,2024-02-07,Antofagasta,Chile
648,Julia,Tenorio,j_tenorio@outlook.com,+595-963193474,2022-09-08,San Lorenzo,Paraguay
649,Abel,Palomo,a_palomo@yahoo.es,+58-970532309,2023-12-20,Caracas,Venezuela
650,Tiburcio,Casas,t_casas@gmail.com,+54-915060409,2025-07-31,La Plata,Argentina
651,Rafael,Ferrández,r_ferrández@outlook.com,+57-972029307,2021-10-03,Cartagena,Colombia
652,Glauco,Armengol,g_armengol@gmail.com,+52-959302835,2022-03-20,Cancún,México
653,Bonifacio,Larrañaga,b_larrañaga@yahoo.es,+58-912205980,2020-07-14,Barquisimeto,Venezuela
654,Nicolasa,Gascón,n_gascón@yahoo.es,+591-968886959,2025-01-13,Cochabamba,Bolivia
655,Narciso,Medina,n_medina@yahoo.es,+58-975000490,2023-05-15,Caracas,Venezuela
656,Raimundo,Pont,r_pont@gmail.com,+598-934152669,2022-05-10,Maldonado,Uruguay
657,Nilda,Ferrando,n_ferrando@yahoo.es,+58-906078694,2023-10-11,Caracas,Venezuela
658,Mireia,Prieto,m_prieto@gmail.com,+54-908087373,2025-03-16,La Plata,Argentina
659,Sandra,Sotelo,s_sotelo@outlook.com,+598-954877191,2021-06-06,Punta del Este,Uruguay
660,Encarnación,Vicens,e_vicens@yahoo.es,+595-951335545,2024-02-23,Ciudad del Este,Paraguay
661,Aránzazu,Grau,a_grau@outlook.com,+595-991634516,2023-10-24,Asunción,Paraguay
662,Ulises,Valle,u_valle@yahoo.es,+54-972109613,2021-05-04,Córdoba,Argentina
663,Toribio,Gutierrez,t_gutierrez@hotmail.com,+57-903051483,2025-02-07,Bogotá,Colombia
664,Simón,Mas,s_mas@yahoo.es,+593-971394920,2022-06-27,Ambato,Ecuador
665,Haydée,Mesa,h_mesa@outlook.com,+57-946460773,2023-01-02,Barranquilla,Colombia
666,Loida,Mendoza,l_mendoza@yahoo.es,+57-904324134,2020-02-02,Bogotá,Colombia
667,Tomasa,Vera,t_vera@gmail.com,+57-909031632,2020-04-15,Medellín,Colombia
668,Sarita,Caro,s_caro@gmail.com,+591-990197485,2022-08-28,Tarija,Bolivia
669,Américo,Quintanilla,a_quintanilla@outlook.com,+598-958916591,2022-05-07,Maldonado,Uruguay
670,Guillermo,Catalán,g_catalán@hotmail.com,+598-967631755,2022-07-16,Salto,Uruguay
671,Miguela,Revilla,m_revilla@hotmail.com,+58-977507357,2022-07-27,Valencia,Venezuela
672,Rosalina,Sanabria,r_sanabria@outlook.com,+51-988612211,2024-07-19,Arequipa,Perú
673,María,Ferrando,m_ferrando@outlook.com,+51-908181595,2024-09-13,Cusco,Perú
674,Clara,Chaparro,c_chaparro@hotmail.com,+593-906292676,2024-03-09,Ambato,Ecuador
675,Evita,Amores,e_amores@yahoo.es,+593-993456932,2024-06-28,Cuenca,Ecuador
676,René,Alvarado,r_alvarado@outlook.com,+56-950527631,2025-03-22,Concepción,Chile
677,Leonardo,Checa,l_checa@outlook.com,+57-940364158,2025-02-07,Medellín,Colombia
678,Rufina,Mariño,r_mariño@yahoo.es,+598-955388634,2021-06-01,Paysandú,Uruguay
679,Eugenio,Checa,e_checa@outlook.com,+595-934224936,2023-08-13,Encarnación,Paraguay
680,Maristela,Benito,m_benito@gmail.com,+54-949805178,2022-01-18,Mendoza,Argentina
681,Chuy,Díez,c_díez@gmail.com,+598-950622628,2020-09-23,Punta del Este,Uruguay
682,Juan Pablo,Salvador,j_salvador@outlook.com,+57-997214603,2025-04-15,Cartagena,Colombia
683,Juan Francisco,Garcia,j_garcia@gmail.com,+57-940693207,2022-04-15,Cali,Colombia
684,Felisa,Nogueira,f_nogueira@outlook.com,+57-964279671,2022-03-16,Bogotá,Colombia
685,Aureliano,Rosa,a_rosa@hotmail.com,+595-974098828,2023-02-01,Encarnación,Paraguay
686,Eligia,Tomas,e_tomas@hotmail.com,+595-971625307,2023-05-16,Luque,Paraguay
687,Camila,Doménech,c_doménech@yahoo.es,+51-968829070,2025-02-19,Cusco,Perú
688,Benito,Galan,b_galan@outlook.com,+54-942980983,2024-01-26,Mendoza,Argentina
689,Ani,Tenorio,a_tenorio@outlook.com,+52-906135823,2021-07-19,Puebla,México
690,Eloy,Carrera,e_carrera@yahoo.es,+598-974264220,2023-03-23,Punta del Este,Uruguay
691,Ciríaco,Chacón,c_chacón@outlook.com,+56-944273769,2024-03-03,Valparaíso,Chile
692,Alejandro,Garriga,a_garriga@hotmail.com,+58-967015110,2022-10-19,Maracaibo,Venezuela
693,Ariadna,Corbacho,a_corbacho@outlook.com,+591-961851421,2023-11-11,Sucre,Bolivia
694,Loreto,Vazquez,l_vazquez@yahoo.es,+56-996678845,2021-12-22,Valparaíso,Chile
695,Gregorio,Armas,g_armas@gmail.com,+593-970322629,2020-09-29,Quito,Ecuador
696,Cruz,Peinado,c_peinado@outlook.com,+598-955350347,2022-07-04,Montevideo,Uruguay
697,Tamara,Acedo,t_acedo@outlook.com,+54-901226946,2025-08-01,Córdoba,Argentina
698,Mercedes,Pedrero,m_pedrero@yahoo.es,+591-908113477,2025-05-20,Santa Cruz,Bolivia
699,Ester,Olmedo,e_olmedo@yahoo.es,+598-971432350,2020-01-17,Montevideo,Uruguay
700,Marc,Trillo,m_trillo@hotmail.com,+598-996931066,2023-02-16,Paysandú,Uruguay
701,Teodosio,Bermúdez,t_bermúdez@yahoo.es,+598-993665059,2021-12-03,Paysandú,Uruguay
702,Trinidad,Barrera,t_barrera@outlook.com,+54-970381817,2022-08-13,Buenos Aires,Argentina
703,Loreto,Pont,l_pont@hotmail.com,+57-970659726,2023-11-20,Cartagena,Colombia
704,Armida,Aramburu,a_aramburu@hotmail.com,+51-910605783,2024-06-19,Trujillo,Perú
705,Jordán,Arenas,j_arenas@outlook.com,+591-932642810,2023-04-11,Tarija,Bolivia
706,Martín,Anguita,m_anguita@yahoo.es,+54-912549425,2024-03-01,Buenos Aires,Argentina
707,Adolfo,Morillo,a_morillo@gmail.com,+595-963888323,2020-01-07,San Lorenzo,Paraguay
708,Isabel,León,i_león@yahoo.es,+56-967089857,2023-08-17,Santiago,Chile
709,Sabina,Rivera,s_rivera@gmail.com,+58-970888325,2022-06-28,Caracas,Venezuela
710,Azahar,Alegria,a_alegria@hotmail.com,+57-963820568,2020-06-07,Cartagena,Colombia
711,Cebrián,Fonseca,c_fonseca@gmail.com,+54-972884346,2021-12-03,Rosario,Argentina
712,Diego,Lledó,d_lledó@outlook.com,+52-927804291,2024-05-18,Ciudad de México,México
713,Héctor,Hernandez,h_hernandez@outlook.com,+54-921803703,2024-04-10,Rosario,Argentina
714,Sigfrido,Abascal,s_abascal@outlook.com,+593-951518966,2020-10-16,Cuenca,Ecuador
715,Yolanda,Pallarès,y_pallarès@gmail.com,+593-907207013,2024-10-24,Cuenca,Ecuador
716,Ana,Juárez,a_juárez@yahoo.es,+57-945713584,2023-07-28,Bogotá,Colombia
717,Gustavo,Estevez,g_estevez@yahoo.es,+598-960471823,2022-06-21,Punta del Este,Uruguay
718,Cristian,Campos,c_campos@yahoo.es,+52-950388958,2021-12-29,Cancún,México
719,Dimas,Núñez,d_núñez@hotmail.com,+58-911501669,2022-09-04,Barquisimeto,Venezuela
720,Juan Pablo,Márquez,j_márquez@outlook.com,+54-935966597,2024-03-04,Buenos Aires,Argentina
721,Estefanía,Castillo,e_castillo@hotmail.com,+56-942503832,2021-02-08,Antofagasta,Chile
722,Crescencia,Bilbao,c_bilbao@yahoo.es,+54-941374957,2023-12-13,Buenos Aires,Argentina
723,Marta,Sáez,m_sáez@gmail.com,+51-917784789,2022-01-05,Lima,Perú
724,Dulce,Campos,d_campos@yahoo.es,+595-974757265,2021-01-26,Luque,Paraguay
725,Débora,Pinilla,d_pinilla@gmail.com,+598-947501571,2023-07-20,Montevideo,Uruguay
726,Purificación,Arévalo,p_arévalo@yahoo.es,+595-939171088,2024-04-05,Asunción,Paraguay
727,Eligia,Batlle,e_batlle@outlook.com,+54-932580349,2024-03-07,La Plata,Argentina
728,Joel,Pinilla,j_pinilla@hotmail.com,+56-936093692,2022-12-03,Valparaíso,Chile
729,Luís,Bastida,l_bastida@outlook.com,+591-908491573,2024-10-14,Cochabamba,Bolivia
730,Amelia,Rico,a_rico@yahoo.es,+51-940232066,2020-10-10,Trujillo,Perú
731,Maximiliano,Castells,m_castells@yahoo.es,+52-933096758,2022-02-07,Monterrey,México
732,Alejandro,Pedrosa,a_pedrosa@hotmail.com,+591-918185096,2019-12-27,La Paz,Bolivia
733,Consuela,Mate,c_mate@yahoo.es,+595-983240786,2023-08-10,Ciudad del Este,Paraguay
734,Candela,Frías,c_frías@outlook.com,+591-957796330,2023-04-13,Santa Cruz,Bolivia
735,Miriam,Puga,m_puga@outlook.com,+52-993320552,2025-04-14,Cancún,México
736,Amador,Amores,a_amores@hotmail.com,+52-953450811,2023-03-07,Guadalajara,México
737,Tania,Benavente,t_benavente@hotmail.com,+591-932537638,2024-02-17,Tarija,Bolivia
738,Sosimo,Vizcaíno,s_vizcaíno@gmail.com,+51-948991556,2022-02-25,Trujillo,Perú
739,Albert,Campo,a_campo@gmail.com,+58-924149421,2025-02-01,Mérida,Venezuela
740,Maristela,Blanca,m_blanca@gmail.com,+57-939101812,2024-07-01,Barranquilla,Colombia
741,Noé,Gascón,n_gascón@hotmail.com,+591-985004924,2022-08-17,Cochabamba,Bolivia
742,Manuela,Rico,m_rico@yahoo.es,+51-995997403,2024-02-21,Arequipa,Perú
743,Alejandro,Plaza,a_plaza@yahoo.es,+54-980253323,2024-05-28,Mendoza,Argentina
744,Lupe,Gallo,l_gallo@yahoo.es,+593-992839592,2020-04-28,Manta,Ecuador
745,Emelina,Marí,e_marí@gmail.com,+52-979701163,2021-02-19,Cancún,México
746,Prudencio,Ferrán,p_ferrán@gmail.com,+57-922325574,2024-05-23,Cali,Colombia
747,Fátima,Lasa,f_lasa@gmail.com,+52-914219637,2021-01-06,Puebla,México
748,Teresa,Ureña,t_ureña@outlook.com,+51-968541804,2024-11-28,Arequipa,Perú
749,Hipólito,Cases,h_cases@outlook.com,+52-962151291,2023-10-12,Puebla,México
750,Benigno,Acero,b_acero@hotmail.com,+598-914032377,2024-07-29,Maldonado,Uruguay
751,Remedios,Riba,r_riba@outlook.com,+54-997999171,2023-10-26,Buenos Aires,Argentina
752,Anastasio,Carnero,a_carnero@outlook.com,+51-961113711,2025-04-30,Cusco,Perú
753,Ramiro,Ferrándiz,r_ferrándiz@yahoo.es,+52-913102741,2024-12-26,Puebla,México
754,Nicanor,Fortuny,n_fortuny@gmail.com,+52-940300763,2021-03-15,Ciudad de México,México
755,Nilda,Andres,n_andres@gmail.com,+598-986969050,2021-10-03,Punta del Este,Uruguay
756,Plinio,Giménez,p_giménez@outlook.com,+57-923414716,2023-08-16,Cartagena,Colombia
757,Gastón,Núñez,g_núñez@outlook.com,+593-962015859,2024-06-15,Ambato,Ecuador
758,Toni,Duque,t_duque@yahoo.es,+56-985963619,2024-05-07,Valparaíso,Chile
759,Áurea,Mendez,á_mendez@yahoo.es,+598-926484437,2024-09-23,Paysandú,Uruguay
760,Inés,Alemany,i_alemany@outlook.com,+595-994588013,2022-03-21,Asunción,Paraguay
761,Rosario,Mas,r_mas@gmail.com,+51-977490324,2022-01-03,Lima,Perú
762,Débora,Valbuena,d_valbuena@yahoo.es,+52-926450861,2021-03-10,Monterrey,México
763,Armando,Landa,a_landa@hotmail.com,+51-970828710,2024-04-08,Trujillo,Perú
764,Sergio,Llorente,s_llorente@gmail.com,+58-978786439,2023-10-25,Barquisimeto,Venezuela
765,Carmen,Murillo,c_murillo@outlook.com,+52-982861016,2023-04-01,Puebla,México
766,Mohamed,Palacio,m_palacio@outlook.com,+58-911375216,2023-06-04,Mérida,Venezuela
767,Cleto,Quiroga,c_quiroga@gmail.com,+54-940987410,2021-12-18,Córdoba,Argentina
768,Clotilde,Gallo,c_gallo@yahoo.es,+52-968561753,2024-08-08,Guadalajara,México
769,Fermín,Luna,f_luna@yahoo.es,+58-977149161,2024-08-27,Maracaibo,Venezuela
770,Amílcar,Méndez,a_méndez@outlook.com,+56-985295586,2021-10-13,Antofagasta,Chile
771,Tecla,Sanjuan,t_sanjuan@outlook.com,+591-918830282,2023-06-10,Santa Cruz,Bolivia
772,Maristela,Mancebo,m_mancebo@hotmail.com,+591-907195581,2020-01-08,Tarija,Bolivia
773,Cornelio,Bernat,c_bernat@yahoo.es,+591-926189702,2025-07-31,Cochabamba,Bolivia
774,Viviana,Fuentes,v_fuentes@yahoo.es,+591-991898431,2024-07-28,Sucre,Bolivia
775,Rafael,Flor,r_flor@gmail.com,+591-922448383,2020-04-04,Sucre,Bolivia
776,Claudia,Cabello,c_cabello@hotmail.com,+57-904388260,2022-06-07,Cali,Colombia
777,Eugenia,Abellán,e_abellán@yahoo.es,+593-922576626,2025-06-19,Cuenca,Ecuador
778,Joel,Vilalta,j_vilalta@gmail.com,+593-915194922,2022-12-01,Manta,Ecuador
779,Fidela,Beltrán,f_beltrán@gmail.com,+593-972751830,2024-11-10,Cuenca,Ecuador
780,Joaquina,Prieto,j_prieto@gmail.com,+593-957063296,2022-09-08,Guayaquil,Ecuador
781,Odalys,Páez,o_páez@hotmail.com,+51-960362053,2023-10-27,Lima,Perú
782,Anastasia,Saez,a_saez@outlook.com,+54-915755285,2022-04-07,Mendoza,Argentina
783,Jacinta,Amor,j_amor@yahoo.es,+58-995395781,2021-10-09,Valencia,Venezuela
784,Etelvina,Palomino,e_palomino@outlook.com,+58-927732020,2020-07-30,Maracaibo,Venezuela
785,Fabián,Belmonte,f_belmonte@hotmail.com,+58-971441519,2021-10-19,Valencia,Venezuela
786,Anunciación,Márquez,a_márquez@hotmail.com,+52-938833650,2025-09-06,Monterrey,México
787,Inmaculada,Varela,i_varela@gmail.com,+54-955243509,2023-01-08,Córdoba,Argentina
788,Remedios,Pinedo,r_pinedo@outlook.com,+56-933511112,2023-07-11,Valparaíso,Chile
789,Bernarda,Arnau,b_arnau@outlook.com,+57-965694038,2022-12-04,Barranquilla,Colombia
790,Juan Carlos,Fajardo,j_fajardo@gmail.com,+595-960665302,2020-12-15,Luque,Paraguay
791,Eloísa,Juliá,e_juliá@hotmail.com,+595-937342819,2025-01-04,San Lorenzo,Paraguay
792,Ernesto,Alcalá,e_alcalá@gmail.com,+591-978108751,2020-12-15,Santa Cruz,Bolivia
793,Anacleto,Villa,a_villa@yahoo.es,+591-908500100,2022-05-10,Santa Cruz,Bolivia
794,Inés,Clavero,i_clavero@hotmail.com,+595-966399516,2023-07-14,Encarnación,Paraguay
795,Nacho,Morata,n_morata@outlook.com,+51-973458776,2025-05-09,Cusco,Perú
796,Alondra,Vilaplana,a_vilaplana@gmail.com,+52-906166355,2025-01-24,Ciudad de México,México
797,Morena,Folch,m_folch@yahoo.es,+598-921204188,2025-01-11,Montevideo,Uruguay
798,Emelina,Arrieta,e_arrieta@outlook.com,+598-927154689,2023-04-19,Maldonado,Uruguay
799,Gregorio,Tejera,g_tejera@hotmail.com,+56-912527880,2022-09-20,Concepción,Chile
800,Amado,Gargallo,a_gargallo@outlook.com,+54-989188862,2020-06-29,Rosario,Argentina
